SNP2	TTGGGTGTTTTGACCCAAAACCTATTCATGGTGAAGACACCTTTGGAGGAACTGATGCAGTCGGGTGGGGACACACAGAGGGATTCACCCCACATTTCCC[G/A]TCCCATGGGGAGAGCTGCTCCATGACCACGAGGTGGTTGCTTGGGGACGTTGGTTGGTTGGGGACGTCGGTCCCCATGGATGCCTTCCAGGGCCAAAAAT
SNP5	AAATGATAACCAAACATATTTGCAAAGGGAATGGTTGAAGGACGGTTTGGTTGTGTTGCTCTTTTGGGGAGCTGTCACCTATGGCTGCCTTCCAACACCC[C/T]GGACCCTACAACACATCCTGAAAGCATCCCAGACCCAAAGATAAACCACCCTGGACCCTACACAGCACATCCAGGCTCTGTGCTTGAGGCAAGAAGGGAC
SNP7	AGCTGAGCAGTTGAGAGCCGGGTGTAAAAAAAGGGGAAACAAAGAGGGAATAAAAAAATAGAACCAGTCTGAATTCCCTGCAGCAGCACAGCTGTGAATG[C/A]AAGGCGAGTTCCAGCCCTGCACAAACCATTTGGGATCAGCTTTCAGCTCCCGGCCCCAGAAGGAACTGCACAGAGACACCGTGTTAAGTTCGTTAAGGGC
SNP8	GCTTTGCGTGGAGCTCCCATCACGACCGGCATCGGCTCACCCACACGGGTGAGAAACCCTTTTCTTGTGCCCAATGTGGGAAAGGCTTCGGGCGCAGCTC[G/A]CACCGCAACCGGCACCAGCGTGCCCATATGGAGAGGCACCCCGGTCAGCCCGAGCGGGGCACGCAGCCGTGCCCATAGCACGGGGTGAGGGGACACAGCC
SNP11	CCTTTAGGAAAGCCACCATCAGAGCTTTGGCCTCGCGGGACAGGAGCCTGCCGTCCTGCCTGAGCATCTTGCTGGGGTCGAAGGAAGGGCTGGAGGACCT[C/T]TTCTTCTGCCGCTGTTTGGGTCTTGGCTTGGTCTTCCCATGGAACTTCACCTTCTTGGCCGGGGGTCTCCTGCTCGGAGTCTTCTGACGCGTCCTTTTCT
SNP13	GGATTTTGATATCTTCTCTAACGGGGAGAGGTAAGACGTCATCCCATGGGGAGAGGTACGACCTTTCCTATAAGAGAGAACCTCGCTTTGAGCTGCCCTA[C/T]GAAAATGCAGCAGGATAGGAAATATTGGTGTTTTGATATCAGAGTGGGATACCTTCTCTCAAAGGGTCGCTGATCTCTCCAGGAGAGATCTTACAACTCA
SNP15	CTCCTCTCCCCCCTTTCAGAAAGGGAAAAGGGAGAGAGAAAAGCAGAGCCTTCCACCCCATATCCGGATGCGCTTTTCTACCTACGGAACCATTCTGCAA[G/C]AAAACGGTGTTTCGGTCCCAAAAGGCAAAATTCGGAGCCTCTCCCCCCCTCCCTCTTCTCATCATTTAATTGTAATTTTTAATTAACCAAAATGAGAGTG
SNP17	GAGGAGATGGTTGGCCGAGTCGGGGTCCAGGGTCAGGTCCTCTGTTGGCGACAGCAGTTGTAGAGATAGCAACTCAGTGGTTATTAAGAAACAACAGCAG[G/A]AGGAGGAAAAAGTGGGGGTGCATTTTGGGGTTGTTGAACCCCATCCTAATCTCAATGCCTGAAGAGTCAATGGGGATGGGAACCCAACGGAGGCGTCAGC
SNP18	TTTCTATTTTTTGCTAATTTCTCTCGTTGTATCTGTGGGCGACGCGTGCCCCCCAGTTGTGTTGGGACTGCAGTTAATTTGGCTGTAGGAGTGGAGGACG[G/A]TTTCCGTCGTGGAAAAGACAGCGGTGCATTCACCTCCTCCTCCCCCATTGCACAGCCCAGATCTGAAAGCCACGGGGCAGCCTGGGGGGAAATGCTCTGT
SNP25	ACTTTCCCTTTTTTTGAGGAGGAAATCTAGAGAGAAAGCAGCAACGAAAATCCCTGCAAGAATTGGCACTTCCCATTGCAAAAAACTGGCACTTCCCACC[G/A]CCGAACCAAGCGACACCACGGGGACACGAGAGGGGACAACGGATACTGAAACAGAGGTGGAAAAGACAGACGGACATCGGATGGGCTGCGCTCCAGGCGG
SNP27	CAGGAGAGCCCATTTGCGTTCATTGCTGCTCCGTGTTGGTTTGAACCCAGTCCTGGGTTTGCTGGGGCTGTGGCAATGGGATCCCCTCCCCCTAAATATC[C/T]CCATTCTACACCCGACACTGCTTTGAGCCCGGGAATAACACAGAACAAATGACTCAGAGCGTATTACACACATATACCCACACACAGCCCTATAGATGCA
SNP28	GAATACCTCTGAGAGCCTTCAATTTCCTAGCTCACGCATAGGAATCCCCCCCAAAAGTGCTCAAAAAATCCATGGATCCTCATAGGTTTAAGCTGTGAGG[T/C]TATGGCCTTCAGTAGTGCCATGTTTAATTAGGGCATGGCGTGTTTAATTAGGGTGTAATTCCAAGAAACTTGTCAGGTTATTTCAGAGCCCTTTGGCTTC
SNP30	TTCATCTCAAATAGCCCCAAAGTTCCACCTCTCAGCTGCGATAGGAAGGCGTAAGGAGGCAGAGCGCTGCTATTTCTGCTCCCCTATGGAAGGATGAGCC[T/A]CTCTAATTATTGTAATTACAGCTTTTTACAAAGGGGGTTGGACCCATCCTTGGCAGCCACGGGAATCCTGGAATATAGACCGATTTTTCACTGATTTTTG
SNP31	CCAGGGGCTGTGATCTTTGTACCCAAAATGCTGCAGACCTTTGGCCATCAGGGTGTGATACATAGGGATGACTCAGGAAGGGAAAGCACAGTGCCATCAC[T/C]GCGCAGGTACAAACACTTACGAGGAATTCCAGGCTTTTCCCTTCCTCAGCTTCTTTCAGCCCCTGCAGCTTTTCCTTCTTTTCCTTCAGGATCTGCACGT
SNP33	GTGATCTGCCGCGAGTCGAGGCTGCACCGGGCTCACGCAATGCTTCCTGTGCAGGATGCTGTCCAGGAATACAAGGTAAAGGCTTCATTTTTGGGCTGGG[C/G]TAATATTGTTTCGGTTGTATTTTTCCTATCTAACCATCACCGTTGAGGTGGGATGTTCCCTCCGTAGCACTGTGGGGTTGCAATGCGTCCCACCCCACAC
SNP39	TGGCTGTCCCCTGAGGCTGGAGGATGTGGGGTCACCCTTGTCTGTGTCTCAGGGACACAGCCTCAGCTTGGACCTGACCCCTACCACCCACAGCCACGGA[T/C]GGACCCTCTCCCCAGAGAAGGATGCATGGGAAAAAACAAAGATGAGCCCCCCTTCATCAGCATCAAAAAATGCCACCGTCCCTCCAGCGTAGTCCAAGTG
SNP45	CAGATTTTGTCAGCTTCCTTTTAGGATCGAGCCATCGGGAGTGGGGTTAGGGGGTGTATATGGGGAAACCATAAGGAAATAGGGAAGGAGATGCACAGCC[A/G]GATCCTTGTGGGGATGTGGAGGAGCACAAGTGAGGATCTTTGGGATTTGAGTGCTCTCTCAGCCCAGCACTAACACAGAGCACTCACAGCCTTGGCTCTG
SNP47	TCTTCAGAGAGATGGAGGTTGGGGTGAGCGGTGGTGGGGTCCATGGTGACGTTGGCTGTGGGACATGAGAGGGAATGGAGGTAGGATTTAGGCTTGGGGG[A/G]AGCTGGAGAGGTTCCTCTTCCTTCCATCCTTTTCTCTGGGTGCTTTTGGACATGGGCTGGTGGTGCTGGTGGTGGTGGGTTGATGATTGGGCTGGGTGGT
SNP48	AGGCTGTCTGAAAAGGAGAACAAATTCACAGCATCGGGTTTATGCTTCAGGAAAAGGGGCTGGGAGATGGGGAAGGGAAACCATGGGGGTCTGGGGGCTT[C/T]GCAGTGCAAAAGCTCTGGGTTTACTGCAAGAGCCCCACGACCCTCCCAGACCTGGAGGAGACCCCGACCCCATTCGGTACCTTGGCACTTCTGCAGCGTC
SNP53	CAGGGAGCTCCCATGGGGTTGAGTTGGGGTTCTCAGGGTTTGCTCCGTCCCCCCATTTCCCACCACCCCTTTGGGTTCTCACCAGCAGGAATTTGCTGTC[A/G]GGCTGCTGGAATTTGCCCTCCATCTCCCAGATCAGGGTGTCAAGGTGGGACATCTCCTCCATCACCTTCGTCACCGCATCCTCCTGCACTTTGGTGACGG
SNP54	CAATGGGGTGGAATAGAGGCAGGAAGACCCCCCCTGGGGTCTCAGGATGCCGTGTTCTGGGGGATATCCAACCAAAACCAGTGGGGATGTAACACCAATG[G/C]CAATGGGAGCACAACACTAATGCCAATGGGAATTTATCACCAGTGCCAATGGGAACTTAACACCAAAAAGCCAAAGATCATCTTGCTGGGCATTTGGGAG
SNP55	GACAGCTGCGCAAGGAGGTGTGGAAGGGCAAGATAAGCACTTGGTGAGATTTCCCTCATAAACACCCCAAAACGGCGGCCCTGGGGTGTGTTTCTGTATT[T/A]AAGAGCCCTCAGTGGAATGGTTTTTGCAGGGCTGTGGTCGAAGAGCAAAGCATCAAAGGAAGGAGAGGGCAGTAATGTTGCAAAGGGCTGACGGCGGTGG
SNP56	CCGGGTTTTGGGACCGTACCTTGTACTCCTGGGCCGCCTGGTGGGCAGGGAGCACAGCGTGGGAGCGGTGCGCCTGGGACGCGTCGCACTGCGCGCAGAT[G/A]GGCTCTTGGTCCTCTGTGCAGAAGAGCTTCAGAGCCTCGCGGTGCTGCTTGCACCAACCCGAGGAATGCAAACTCAGCTGCCGGGCGATGCTGGCGATAT
SNP57	GAAGAGTTATGGGAGAGTGGAGGCTTGAAGGGAAAGTGAGGTTGGGATCAAGCTAGGTTTGTCTTGCTGAGCTGGTTGGGTTGGAGGCGTGGGAGGCTGG[G/A]AAACCACACACTGCAATGAGGAGGTGGAAGGGTCTGGGTACCCATTTTCTGCTTAAAAACACCTTCCCAGCACAGTTCCTCAGAGAAAGCAAAAGGGAAG
SNP58	CCACACACTGCAATGAGGAGGTGGAAGGGTCTGGGTACCCATTTTCTGCTTAAAAACACCTTCCCAGCACAGTTCCTCAGAGAAAGCAAAAGGGAAGTGG[C/T]GTGAAAGTTGGCTCTGAGGTTCCGTTTTCAGCTCTGCCACCAAATTAGGGACAAAAAGAGGAGATGACAGAGGGGATTGCCCCAGGCAGGGTTTGCTGAG
SNP60	TCAGTGTTGAGTGGGAATTGGTGGTTTGGGAGCTGGTATTCCTCATTTGAGTTGAGGATGCTCTACATCTCTAAACCTGTGCAGACTTTGCTCAGTTCTG[T/G]CTGTGGTGCATTCAGGAGATGCGTAAGCTTATGGTGTGTGGTGAAACTGAGAGAAGCATAGCACAGCAGCCCAAAAATGAGCTGATCTCTCACCTCCCCC
SNP61	CTGGAGGAGCAGAGTGCAGCCCTTAGCCGCCTTATCACGGAGGCAGAAGATAAGAGCAAGCAGGACGGGCTACAGCTGCTCAAGGTCTTCTTCCATCCCT[T/G]TCCTTGTCTTTATGGCAAAGCGATAGCACGATGGTGGGAATAATGCTCCAGAAAGCTTCTGTGTCATGAGAGAGTGCCTTTAGTTGGTGGGCTGGGTGCT
SNP62	TATCAGTCATCCCTAATCCTTTCCTTCTCTTTCCCACCTTGCTGCCTCCTTCCCACAGGACATCAAGGGCACTTTTATCAGGTCAGTGACTTTGTTTGCA[T/C]CTTTTCACTTTGAATAACTTTTCTTTTTTTTAATGTCAAAAAAGCATTTGAGCTTTTGTTTTAAATCCTGTGTGATGGGTACAGTTGGGGCCTGGTAATG
SNP63	ATCCCTCTGTTCTCTCCGTGCTTTTCCCTTTTGCCTTGTCCTGGGTTTTCCCCTATTGTAGCTCCTCCATAAAACTGGGGTTGATGTGGATCTGGATTCA[C/T]TATAAAGGAGGGATGACTGCCTCAAACTCAGCATAGTGCAGATACGCAACCAGATGAGGATTTAGGGCTGGGGTGCAAGGGGAAAAAAGTGCCAGGTGAC
SNP64	AAGTCGGGGGCAAGAAAGGTTGGGCGGTGGGGGCTGCACGCGAGACGGCTCGACGCAAAGAAAAAACCATGGGGCCTCATCAAAAAAGGGAGATCTGGTG[C/T]GTTGGCACCAATGGGAAGAAGTACCAAGCGCTGACGGCCATGGAGCAGATGGCTTTGTCACCCAGCGAGCGGCCCCGGCGCTTCGGTGTCTACCTGGACT
SNP65	TGCAGCATCGCACCAGGCCGCAGCGGTGGGAAGCAGCCTTGTTTCCCCTTGCAGCTTAAGAGCTCTCTGAGGTGGGGGTATTTATTTTCTCTTCCCTTTT[C/T]TCAGCTGCTGTTGAATTTCCAGCTGAATCCTGTCCCACCAGAGAGACTCTGATTGCACCCTGTTGTGTTTTACTTCTTTTTGTTGGTGGATTGGTATTTT
SNP66	GCACAGACCCCAAAGGAGCTGCTCCTCTCACCTTCACCAGCTTGTCCCAGCCACAGGAGACAATGATGGGGTTGCTGCTGTTGGGGGAGAAGCGCACACA[G/T]GAAACCCACTCAGAGTGGCTCTCGTCCTGAGGAGAGGAACAGCATTGGGTTGAAAGCAATGAAAAGCATCCCCAGTCCGAGCTGCTGCATCCCACTGCTC
SNP67	CGGGATCCCGTAGTTGGTCTCATCTCGGGTCAGCTTCCACATGATGATGGTTTTGTCTGGGAAGGGGGAAAGGCAGCAGCCTCAGCTCCAACCCTTCTCA[T/C]ATTCCCGTCCTCACCGGGCTTTATCTCCCTCATAGCAATGGGGGGGTTACACAGAGGCACCGCACCCCTTCCTCTCAGCCCCCCAACCGCCTCCCTACGT
SNP68	ACAAGTTTTTGGCATCCCTGTGGGTTCCACCCCCGTTTTGTCTCACCAGCCTTTTTCTATCCGTCCTTATCAGCAGATCATCCTTGTTATTAGATCTGTC[C/T]TTTTCCAGTCACGGCTTTGCATTTTCACCTTGGTTTTACCACCTAACATCAAGCCTTTTGTCCCCATCTGATGATATTCATGCAGATAAATCCGTAAAGC
SNP69	GAAATTCCTATGTTGCACACATGTCCTTCATTCTTTAATTAGGAGTTAGCAAAGGTTCTGCATTGACTTAATTCAGAGCGAGATCAACAATTTTAGGCAT[T/C]CTTTATGAACTTCACATTGTTTTATGCTGATAAGCAGCAAAAAAAACATACAGGAATAGGAGTATGTCTGTAGGAGTGCTCTGCATTTTCTTGCTCGTTT
SNP70	TAGGCATCAGGAAGGTGGGAGATTCCAGGTCAGTTTGTTCCTAATTGTGATCTTTTAATGATGTTTCTCCCATCAGGTGGACATTTGGAAGTGGTTCTGA[T/C]TGGGAAGAGGACGTGATGATGGCATCAGGTAGAGCTCAGAAAGTGGTATTTATCAGCAAAGCAATTTTCCAGGTCTGTTTTTTCCCATTTTTCCCATATT
SNP71	AGATGCCCCTCTGTGCAACAGTGGGGATTGGGAGAAGCCCTTCAGCTCTTCCATTTATCCACATCTGATACCCAGATGGAGTCAGGATGCAGAACTGGAG[G/A]AGGAGGGCCAAAGCTTTGGGCATTTTGGGGTTATTTTTGCTCCTCGAGAGCTCCCAGGATTGACCCGTGTCCATTTCTGTGTTATTTCCAGAGGAATGTG
SNP73	CAAAAAGTTTGGAGAAAAGAAATGACAGTTTTGGTTGGGTTGGGGCTGCTCTGCATTTCTCCGCTTATTTTCTCCCTTTGCTTTCAGGTGATGTTGACAC[A/C]AAGCTCAGTGAGTGGAGCTGCTCTTCCTGCCCCACATTTAAGAGTATTTTTGGTATTTTTAAGACTGTTTAAGAATATTTGGACATTTCCTGTGGAAAAT
SNP74	TAGAGGTCAGCTTTGCTCTAGGACGGTCTGAAAAGTGACCAAAATCTGCTTTTACTCATTTTTCTTCTTATTTTTTTGTAGCAAAGTGCGATGCAACGAT[T/C]AGTAAGTGCTGCTGCATGTGGGGGTACCTCCATCTTCGGGTCATTTTCTGCTGTTTCAGCATTGAAAGGACATCAGAATTCCTTAAATCCAACAAAATTG
SNP75	AAATATATAATAATCCCTTATTTCTGCTTGTTTTTAGGGGACTACAACAGGAAACTTCGTAAGTGCCTTTAACTTCTCCCATTAAGAGTTAAACCTTTCA[G/A]TATTTTTGATGCTTCAATGTGCTGAAGCCACCAAAAATGTGTTTTAATTGTAAAGGGGCTGAGCGTCAAACCTGAACACTGCCACGTTGGGGGCTGAGAT
SNP79	TGAGTGTTATTTTATATACTCTATGATGGAAAACTTTTTTCTCTGTAATATAAAAATAGGCTTTATTATTTGAGGGTTTTTTTGGCTTAACGCAAATGCG[G/A]AGTGCTTGAAATTCTACGTATGAAATAGAGGATTTCCCATAGAGAAAAACAGCAATTTGGGGCTGGAAGAAAAGTTTCATTTCCTTGCTGAAAAGTGAAT
SNP80	TAATCTATGGCACAAAAGGTGACGGCGTGTTTCACGTTTTGCTTTTTCTCTTCCTTTTAGAGGAATTAAGGGGTCGGGAAGTTGGTAAGTGAGATTCCTT[C/T]CCCTCTTCTCCCCAAAAGGATAAGGGGTAATTTGGATTCTGATCTCTTTTTCTCCCTTTTTGTTCCTAGAGGAGAGTGATCTGGAGAGGGGTGAGCATCA
SNP81	AGAAGAATTGGTGAGTATCAAACTTCCCCCCAGAAGTGGACTTTGGTGTGTTGGGAAGATCCATACCACCACGTTGGTGCCAAACTTAATGGAAATCCTT[T/C]GTTTTTTCCTTATGTTTTCAGATGAACTCACTGCAGAGCTCGGTAAGTCGTGATTATAACTCATAACGAGTTATAATGCTATTGTTATATATAATATACA
SNP83	TCCATCCAGCATGAAGTCCATCAGACTTAAGCTTACAGCTTAAAGAATGGTTCATTTTTTTCATTTAACCCCCTCGTAAGTTAAAAGATGGACTTCAGCA[C/T]CACAGAAGTAGCCCAGAAATAGTCAAAAAATGGGTCATGAATTTCCAGAGCACCCCCTCACACTTTCCTCAGTGAATAGGAAAACAAATATTAAAACTAA
SNP84	TCTGCACTCAGAAGAGATTGAATTGGGCTCAGATCTGGCTTGGGAAGATGATGATTCCAACCAGAGTCCAGGAGACTTTGGGGAATGCATGAATCCTATA[G/A]GAAAATGGATAACCCTTCATCCAAGAGCAAGCTGGCATGATGCTCTGGGGTGAAAACCCATAATGCCACCTGGTTTTAAGGTTTGGGGTGGCTTACAACG
SNP85	CTTTGTCCGTACCAAGCCTGGAGATACCAATCTGAGATGTCAAACTGCACAATGGAGCCTTCAGTGGGATGAACTTCAGGCCAGATGCCCAAGAGAGGTG[T/C]TAAGTTTTGGTTAAAGCCCACATCAGTAGCAATAGAAAGAAATGGGTGATTCATCCCTTCCAAAACTCAACTTTTAGAAGAAATTAGGGAAGAAATCCCG
SNP87	GATGTGGTCAGCCCTGTGTTATTCCCTAAAGCCCTGTTTAATCCTTCATGTCCATGCTGAAAACTTCTTCTCTGCAAAGTCCAACACATTGCATCTCTTC[T/C]CTTCTTTCTCCCATCACAATATCCTCCCCAAACCCCTTTTTCTTCCTCCAGGAGCAGATTCACAGCGATCTGGAGAACCTCAAGAAACAAAAGGAGGAGC
SNP89	CTGTTGCCTTCAAGCTGGAAAAACAGAGGTCTTTTTGGGGTCCACGTTGTTGATTTTCCACAACCTACAGACACGGACGGAGGCTGAGAGGCAGAAAATT[T/G]TGTCAGAATTCCGTCAGCTCCGCCGTTTTCTGAAGGAGAAGGAGATGGTGCTCGTGGCACGGCTGGGGGAGCTGGACAGGGCTGTGCTGAGGAGGCAGGA
SNP91	TGGGTTGGATACTCCATTGGACCCTCTCCCTTCTTGTCCACCTTCTCCAAAGCTGGGGGAGATTGAACCATTTTTTCCTATCTCTTTCAATTCCAGGATG[T/C]CAGAAGCACGCTGAGCAGGTATGTGCTCCTTCAACCTCATTCAACGGGGTGGGAAGGGTTCCCCATCCCCACACCCACGGATTCTAGCACAGAAATGAGA
SNP92	CAAACCTGTGACAAAGGGACATTCTGGAGCCAACCACCTCAACCTCCATCCCCACATCACCAGAGATCCCCACACTCATCACCACCAGTCCCAGCACTGA[C/T]GAGATTTGTGTCCAGGTGGGAGAGGGGCAGAACACGAAGAATGACGGAGAACTTTGCAGACGTGGAACGGAGGCTCTGTGTCATCTCCCAGCAACATAAA
SNP94	CCATGATAAACATGGTGGGAACTGAAGCAGGCAGATGTGGGACGTGACATCCAACCTTCTGTTCATCCCCAGATCTTTTTCTGTCTGAGCTGGAGAAGGA[A/G]GAGGGAGCATCTGTAGGAGAAGAGGGAAAAGGTGAGTCCTTAAAGCATTTTCCTTTTGCTCCATTGGTCATTTTTTTAGCCAAAATACTGGGTCAGAGCA
SNP96	CATCTTGGAGGGGACGGGGACGCAGGCAAGCTCACAGAGGGGACCCCGGGGGAGCAGTGCCAGATTTGGGCTGAGGCCCATAGCAGTGACCACAGAATCG[G/T]TCATTTGTCCGTTCATGGTGAAGATGGGAGGGGGTTCAGCAGAAGCACTCCCTGGGACTCCCAGAGGCATGTCTCAGAACCGCTGCTTTCCTTGCACAGA
SNP97	GCACAGAAGATGAACCATTTTTGTAGGGGGAGGGTCCAGGATGTGGTTGCAGTGTGAACAAAGCCTGTGTGCTTTTATAATTCTCTTCCTGCCTGCTGCT[T/G]TCATTTCTGAGGGCTGAATGGGCAGCACGGGCAGACAGCAGCGTGGCTCCGACACGTCTATGTCTGCAGTGCCCATTGCAGGAAGAGAAAAGAAATGGAG
SNP99	ACCGGTGTGACCAGCTGAGCTCTGCTTCCATCCTTCAGCCTGTTTGAAGGGTGGGAGGGGACACAACCCCCATGTCCCACCCCTAGCCTGAACCTTGATG[C/T]CCTTAACTCAAACCATAATGTGCGCAACCCCAGCGTGCCTGACCCCAACCCGTGTGCCTACTGCCATGTGTTGACCCCTAACCCTAAAGGGCATAATCCA
SNP101	CTATGGGGCCAACCCCGTGGAAACCACGCAGGGTTGGGGTTGGATCCTTGAGCTCTTTTGCAAAGCCTTTCTGGCTATGGTTGCACTCAGTTAATTAAAC[T/C]GTCTAAAACCATATTTTGTATATAATTAGACATGATGTTTACTGCTTCTGTCCCCCCCTTGGTTTAAGAGCAGAGAGGCTCTTGCAGAAGGGAATTCCTC
SNP102	AAAGGGGAGGGATGTGGGTGGGAAGAAAATGAGTCTCATTTCTTTTAGCACTTCCCTCAAGGGGAAAATTTGTGTTGGTTGTTGAGCAGCAGGTGGACTT[T/C]TTGCTGTGAGCAGCCACATTTTGGAAGAGTTCTGTTGTTATTAGCATTATTTATGCGATTCTGTGATGTTTTTGTTATAATTAATTGTAATGAATCCTCC
SNP103	TACTGCTCACACCTGGGGTGCACTGTTGCCCATTGGAGGTCCCTTCTTCCATAGGTCCCAGCCGTGGGGCGTGCGTTACCTTCCAGCTCACGATGGCAGC[A/G]GTGTTCACAGTGCTGCTCATCACTGCTGTTGCCTTTGCAGGTGAGTGCTGAGGGTTCCAAAGAGCAGAGAAAACCCTTTGGGTCATTGTGTGCGTCCCAC
SNP104	GCATTCCAGCCCCATCCCCAGCCCTGTGCTCAGTGTCCCTTCGACTGGATTGGATTCAGAGGAAAATGCTACTACTTTTCAGAGGATGAGAGCAATTGGA[C/T]GAGCAGCCAGAACAACTGCTCTGCACTTGGTGCTTCCTTGGCTGTGTTTGACAGCGCTGAGGACTTGGTGAGGGGGACACAAAAGAGCCACCAATGTATT
SNP105	CAGAGGATGAGAGCAATTGGACGAGCAGCCAGAACAACTGCTCTGCACTTGGTGCTTCCTTGGCTGTGTTTGACAGCGCTGAGGACTTGGTGAGGGGGAC[A/C]CAAAAGAGCCACCAATGTATTTTGTCCGCTTGAGGGCCCCTTGGCTGCTCTTTCAGTGTTTCCTTTCTGATTTTGGGGTGAGGAGGTGGATAATGGTTGT
SNP106	TTCACCACTGTGATTTCCTCTTCCCCCCCCCCCCCCCCCCCCCCCACAACCTGGGGTCTGCCTGTCCGTCTGTCTGTCCATCCAGGTTCCAGGTGCAAGG[T/C]GATGGTCTCTGTGCATACCTGGGGGATGCCGGGCTCAGCTCCTCCCACTGCAGCGCGCGGAGGAATTGGGTTTGCACCAAACCCGCGTTGCAAAAACCGA
SNP108	ATCCCGATGTCCAGCTTGGGATGGGATCCCAATGTCACCCAATGCAATCGCAGTGTCACCCAGATGTCCACAAGGGATGGCACCCAGATGTCCCCAGGTG[T/C]CACTCAGCTGCCTCACCAACCCAGGACTTCCTCCCACTGCTCCCACTGCTCCCAGTTTGCCCCCAGTTCTCCCCCCTCTGCACCCAGACCTGTGGGGACA
SNP111	CCCAGCATCCCAATACCTCCACGTGTTTCCAATATCCCCACATCCCCCCTCACCAGCCAGGAGTAGTCGGACGGAGACGCGCATTGGTTTGGCCAGTGCA[G/A]TGTGGGTGACAACGCAGCTGTAGACGTCCCCGTGGTGTTGGGGGCGTGCGGGGATCAGCCGTGCTGCCGCCGTCCGGCTGTAGGTTCCATCGGCTGCCTG
SNP112	TGCGGGGATCAGCCGTGCTGCCGCCGTCCGGCTGTAGGTTCCATCGGCTGCCTGGCGGTGACCTGAAGTCCAGCTGTCCATCACTGTGTCCCTGGGTGAC[T/C]GTGATGTCCCCGAGCTCCCGGCGCGGCGCTGCCACGTCACCGTCACATCCAAGGGGTAGAAGCCAGACACGTGGCAGCGTAGCTCTGCTGACATCCCCGG
SNP116	CCCCCCCCGGCAGCCCTCCCCTGCGCCCCACCCCCTCCAGCAGCGCGCAGCGCACCGGAGCGGGGGGGGGCGGAGGGGAGGCGGCGTCTTCCACCCTAAA[T/C]TGGGACCAGCAGAGCCCTGGGGGTGGGGGAGAGGCTCAGCATGGGGCGAGGGCGGGGGGGGGGGGCGATATGGGTGGTGGGACATGAGGGGGCCGGGGGG
SNP118	GGGGAATGTTGACTATGGTGGTGGCGATGTCGGGGCTTGGGGTGTACACAGCAGTGTGGGACACAGAGGAGACAGCTGGCACTTGCTGAGCCGCTGTGAG[G/A]CCTGCCAGGAGCGCTGCGGACAGGCAGAACCCCCATTAGCACCGAGGTACCTTCAGTGCTCTACCTGAAGCGCAACCCAAAGAACCCCAGGTACCTGCTG
SNP119	GGGGTGGCCCTCAGCACCCAGGGGACAAGTCTGGGGACACACAGCCATGCTGGGGGACCCACAGGAGGGGACACGTTACCGGCAGACCCAGCTTGACGGC[G/A]TCGACAGGCTGACGGAAAGGCCAAGCGAACTGGTGCTTCCACAGGGCTTTCATCACCACTTTGTGCAGGTACTGCAGCTGGTTGGTGACCCGGCCGGGCT
SNP120	TGAAGGGATAGCAGCAGGGAACCACTGTGTCCCTGTATCTCTGACCCCAAAGAATCCATGGGGATGGGGAATGGATAAATAGGGATGGCTCTGTAGAATC[T/C]GGGTCCCATTCCCCTCAAATAATCCATGGGGATGGCACTGTTGGATGCATGGCCTTGAGTCCCTGTCCCTAAAAATCTGTAGGAATGACTCTGTGCTATG
SNP122	GGTGCTCACCGCGCAGCGCTCCTCTTGGCCGCCCCGCACGCCACTCACCCGCGCCGCTCCCCCCCCGCCCTTCCGCCCGGTACTGCGACGGTCATTGGTC[A/G]GTGCTGCCATTCCCGGCGCGGCGATTGGCCACCACGGATCACGTGAGGGCGGCGCTGTTGGCTGTTGTTGTCGCGCGCGAAGGTGCAGAGGGAGGGGGAG
SNP124	TCTCAAGGCCAACCCGTCGCACGGGGGGCCTCCGCTGCCTCCCCACGTGGCAATCCTGGGGGGCTCAGTGCCACCTCACAGGAATTTCGGGTCGCTCAGA[G/A]CCTCTGCAAAGCAATCCTGGGGTCCTCGAGGCCACCCCACACCGATCTCAGGGTGCTCAATGCCACCCCACAGCTGCCCCCGGGGCCGTCACAATCACCC
SNP127	AGCCGCACGATCATCTCCTGTCACAGCGCTGGTGTTCCCCGCAGATCTGTTCTGCCTAGCAACCGATGACGCGTAAAGCCGCGAGGCACGGCCATTGGCT[A/G]AACTGGTTGCCGGTAGCAGAGGGATGGGGGCTGCGAGCGGGCGCGGGGCGCTCGTGGCAGCGCTGCTGGGGGCGGCCCTGGGGAGCGTCAGAGCCGGTAG
SNP128	CCAAGATGTGTGCATGGGGAGCGCAAGGGGCTGTGCAAGGAGTGAATGATGCACTGGGGCAAGGGGTGGGCATGCACTGGGGCAAGAAGTTGTGCAAGGG[G/A]TGTTTGTGCATTGATGCAAGGGGAGGATGAGCAGGAGTGTGTTTGCATGCATGCAGGGGGTTGGGCATGGTGTGATTAGTGCATTAGTGCAGCGGGGTTG
SNP130	TTAGTGCATTAGTGCAGCGGGGTTGAGTGTGAGATGTGGAGTGTGTGCAGTTGTGAAAGGGTTGCCATGCACGAGCTGATGTGCGCTCAGTGAGCGTGCA[T/C]GCAGCCTGCAGAGTGGGTACACCTGCAACGAGCATGCATGCAGCAGATGTGTCCATGCACAGTGTGTGTGTGTGCCTGGTGTGTCCCCATGTCCCACGCC
SNP132	AGGACCCCATCCCTTCGGACGTGTTGGCCACGGCGGTGTGCGGCGCAGTGACGGCGCTGGGCATCCTGCTGGCACTGCTGGGTTTGGGGCTGCTGCTGTC[C/T]GCCCGCCGGCGCAGTATGTGGGGACAATGGAGACAGCAGGGACACCCGCCCCGTACTCACTGATGTCCCCCATAAGTTGATCCCTCGGTGTGGGAACGGT
SNP133	CCTGGTCCTGGTTCTGCTCCTGGTCCCTATCCCTGACTCTAGTCCCGGTCCCCATCCCGATGCCAGTCCCAGTCCTGGTCCCCATCCTGGTCCTGCTCCT[C/T]GGTTTGGGGACCTCAATGACTGGAACTCCCATGTCCCAACATGGGGACCCACAGTTTGGGGTGAGGGGCTCTCACCCCCCAATAAAACCATCTGCAGCCC
SNP134	TTTTGGAGTGATGCTGAGGACTCAGCCTTTTGGGTTGCTGGGTATGATTTGGGGATGCTCAGCCTTATGGAATGGTGGGGACACTTTGTGGGGAGCTCAG[C/G]TCTGTGGGATATTGGGGCCACTTTGGGGGAGTCTCAACCTTTAGGACTCCCAGGGAGGGCTTTAAGAATCTCATGGGATCCCAGTGTTGAGCTCAGCTCG
SNP137	TCCCCAATGGGAACTGGACCTACCAGACACAGGTGGCCCTCTCGGTGGCCCCAGAGGTGGGGGACACCTACACGTGCTCGGTGCAGCATGCTAGCTTGGA[G/A]GAGCCCCTCCTGGAGGACTGGCGTGAGTTGGGATCAAGGGGGTGACACAGAGACAGCGGTGTCCCTGCTGTGTCACTGCTGGCTGTGTCCCTGCAGGTCC
SNP138	AGGGCCAGTTCTGCTCAGTGCCTCCATAAGTGATCTGGATAGGTCATGAGTCATCCTAATTAAGGAGGGGACAACAGTGAATGGGGAGGAGCCGATGACT[C/G]AGGCTGGGAGTGGTGATCCCAGAGGTTTCCTCTGCTGTCAGTGACTCCGTGCCTCACCGAGTCCGACGGCTCCGTGCAGGAAGGAGCGCTCCGCGCACCC
SNP139	ACATGGGCACGTGGCAGTGGAGGCGGTGGGGATGGCTGGGGATGTGTCAGGGACATCTGGGGACATGGTGGGATGGTTGGGGACACAAGGATGGTTGGGG[G/A]CTTGGCCGGGACACTGCAGGGGACACAGTGGTGATATGGCAGAGACATCAGGGTGTGTGGTGATGGCTGGGGACCCAGATATCTGGTGACTCAATGAGGA
SNP142	CCTCCAGCTGGAGGTGGCCCTGCAGGTCAGTGGGTGCCATTGTCCCTGAGGGTGCGACCTGTGGCTCCCGGTCCAGGAACTCAAAGATCTTCTCCGAAGA[G/T]CCCACAGCCTTCATCAGTGTGGGGAAGTAGTCGAGCAGGACCTGGGGACAGCGTAGTGACGTGGCCAGGAGGGCAAGGGCACGTGGCACGGTGACATGGG
SNP144	CCCATGCCATCATATTCCCATGACCTGCCATCTCCACACCATTATGGCCTCCAGCCCGTTGGCATTCTGTCCCCATCTCCTGACATCTCAATTACATCAC[G/A]TCTCCACATCTCCCAGCCCTATCCCACCATGTCCCCATGCCCCCCAGTCCTATCCTATCATGTCCCCACATCCCCCAGCCCCATCCCATCACGTCCCCAT
SNP150	TGTTTGCCGGCTGCCGCGGTGGCCTCTTCACCTTCATCAGGTTCCGCTTCGTCTTGCGCACCCGCGACCAGCTCTTCTCCAGCCTGGTGTACCGGGACCT[C/T]GCCTTCTTCCAGAAGACCACAGCAGGTACAGACTGGGGGCACTTTTGTCCCTGTCCCCACACCATATCCCCAGCTCACCCCGCTCAACTCCACAGCTGAG
SNP151	GGCGGGGCTGAATGGCAGCGGGAAGAGCACCTGCGTGGCACTGCTGGAGAGATTCTATGAACCTGGGGCTGGGGAAGTGCTGCTGGACGGGGTGCCGCTG[C/A]GGGACTACGAGCACCGCTACCTGCACCGCCAGGTGAGGGGGTGGGGGGAGATGTGGCTGCACTGAGCAGTGCTGGGGCTGAGCCTCTGCCCTGGGGCAGG
SNP154	GGAGCGGGGGAGGGGATGGGCGCGGTGTGGGAACCCCCGGCCCTTCGAGCACGGGGGGGCACCCGGGCTGTGTCCGCACGGGGCCGTGTCTTTACCCCGG[T/G]GGAGGGGGCCGAGGGTCTCTGCCGGGAGGACGGGGGCCGTGAGAAGAGGAGGAGTCATTCTCCATTCCAGTCAAGGAACTGTTTGGGGGGGGGTCACATC
SNP155	GGAGGTTGTAGGACACCAGAGGGGCTCTGTGGGAGCCATAGGGTCGTCATGCCCCCGTGTCCCCAGCCCAGGGACATGGCACATACGGGCACAGTTGGCC[G/A]CCAGTCCCAACACCAACGGCTCCACCGCCTTTGAGGTGCGGAAATATGGTGAGTGGGGTCCGGGGGGGTCCCTGCTGTGCCCCCATACCTCCCCATAACC
SNP156	CAAGTTGCTCTCCTTCCTGTCTGTTCTTCAAATTCTTCTTCAATTTTGTTCTCCTGATTAATTCTCTTAAAATTAACTCTCGATCAAGTTCTGCAGATTC[G/A]TTCCACTTCGGATGGATTCTTCTCCAAACTGTTCTTCAGATTCACTCTCCTTCAATTTCGTTCTTGTAATTAATTCTTCTTCAGAGTGATTCTTCAAACT
SNP157	ATTGGAGGAGGCGTGGCCGATCTGACCCCTCCATGCCCCATCCAGGACAGCGCTGCACCGTCTTCTACAACGCCCCCCAAAGGAGCAGCACCATCGCCAC[G/A]CTGTGCTCCCCCAAAATCTGTGAATGCGCCCAAGGTAGGACCCCACTGTGACTCCATATGTAGGGCCCCCATCCAGTGAACCCCCACATCCTCCTCCTAA
SNP160	TGCCCCCCGAGGCGGAGGTGCGCTCCTTCACGCGCTGTGTGGTGGAACTGCTGGAGGTGTGGGGCCGGGCCAGTGTGCGGGCACTGGATGTGCTGCCTTC[G/A]CTAAGGGTGAGCCCTACAGGACCCTACAGGGCATATAGGATCGGCGTGGGGCTGCGGGATATAGTCATAAGAGGAGGTGGTATAGGTCCATATGGGGCTG
SNP161	AGTACGGACCGGTATGGGGCCAAACAGACCAGTGGGGATCAGTACCAACCAGTGCGGGCCACATGTCTGCGAGCAGAACCGTGCACCACTGCGTGTCAGT[A/G]TTTTGCACTAGAATGAATCATTGTAGACCAGTCTGTAATAGTGTGGACCACTACAGACCAGCATGGACCTAGCAGTAGGTCGGTCCCAGTAGAACTCATC
SNP167	ATCCATCCATTCCTCCAACAAAATCTCTCTGAGGCTCAAAAAATGTTCCTATTGCCAACAGTGAGCAAGTTGACCGTGCCAGGGCCTGGCCCACTCCAAA[C/G]CTGGTGCACAGAGGCAATGAGATAAGAGCCAAAAGCTCTTAATTCAAGTAGCCCTCCATCAACCTATCAGTCAATTACTCAAACAGCCAAAATCTCATCT
SNP168	CCCCAAGGTGCTGCTCCCGCTGGGCCTGGATGAAGATCTCAAAAGCTTGTCCAGGTGTCAGCCCTGTCACCTCAAAGGTGACTGCAGATCCAGGCAGCTC[A/G]TGGGTGGTCAGTGCTGCTGGTTCATCCTGCAGACAAAGGACATGTCAAAGACACACTGAGGACACCATGTGGGACCTCTTCCTGAACCAGGCAGGTGGCC
SNP169	CTGGAAGGGCAGGGGCCATTGGTGAGGGTCACCTGGGACAACTGGGAGGGATAGGTGGACAACTGGAAGGTCTTCAGGATCTGTGAGGTTTGTGGGATGC[A/G]GTCAGTGGCAAGGCTGGAAGGGGACTGGGAGGTTTTTGGGGCAACTAGAAAGTCTGGGTGAAAAGTTGGGATGCTTTAAGGGATGAGCTGCGAGGTTTGT
SNP170	GAAGGCTTTTGGATGGATGTTGCTGTTAAATTGTGGGGTGTCGTGGGGAGGGGTCCCTGGAGTACTCCAGGGTTGTATTAGGGATTCCCAGGGGTAACTG[C/T]GGGAGCTTTAGGGGGGGTGGCCTTTAGGGGTTATTGGGAGAACCCAGGGGATATCAGGGAGTCTCAGTATGTGGGTCTCAGTGAGGACACTCACAGAGGA
SNP171	TTCAGTGCGAGCACAGCTCAATCTGGGAGCAATAGGGTGGCTATCCCAGGGCCAAGGATCGCTCACCTCGTCTCTCGAGATCTGTCCTCCCTTCCTCGTG[T/C]AGCATGAGGATGTAGTTTGGGAAGGAGGAGGAGAAGACGTGCTCCAAAAACCCCGACACGGCCCGGAGGTCAGTGAGAGTGTTGCTCATCACCTTGGCCA
SNP173	GGCTCAGACTGGGGTGCTGCCCCCTTCACCTGGGAGCACCTCACCCCACAGCACGGTTATGCTCACAGAGGAAGTACTCATAGGTTGGGATTTCTGCACA[C/T]GCTGTGAAACCTATGGGTCTAATTATCCATTTATTCCACGCTCCATTCACCTCAAACCTGCCCGGTCCCACCCAAACCCCACTCACTCCCACACCTCCGT
SNP174	CATGGGTGGCACTGGGGGATGGAAACAAGGGGACTGCAGTGCAGCACTGCTCAGCCCCCACGTTGGGAGCTGATGTGGCAGTGTCAGAGTCAGCTCACCT[T/C]GTCTCTCCAGATCTGCTTTCCCAGCCTGGATGAAAAGTCTCAGAATGTCCACACAGGTGTCGTTGAGGAGCACTTGGATCACCTCATTGAGAGTGCTGGC
SNP178	TCACCTTTTGGCAAGGATGGGCGCAGCCAGGGCCGGTAGTAGCGGATGTTCCCAGTGCGGCTGTCCAGAGATCCCATTTTCACGTCTCCCAAGAGTCCCA[G/C]TCCTCCCACAAGCACAGAGGTGCTGTTTTGGAAGGTGGCGAAATGGAGAAGCTTGAGCATGTGGGAGCCTGCAGGAGATGGGAAGAGAGCTGGGGGAAGC
